"","index","code","name"
"1","1","300001.SZ","特 锐 德"
"2","2","300002.SZ","神州泰岳"
"3","3","300003.SZ","乐普医疗"
"4","4","300004.SZ","南风股份"
"5","5","300005.SZ","探 路 者"
"6","6","300006.SZ","莱美药业"
"7","7","300007.SZ","汉威科技"
"8","8","300008.SZ","天海防务"
"9","9","300009.SZ","安科生物"
"10","10","300010.SZ","立 思 辰"
"11","11","300011.SZ","鼎汉技术"
"12","12","300012.SZ","华测检测"
"13","13","300013.SZ","新宁物流"
"14","14","300014.SZ","亿纬锂能"
"15","15","300015.SZ","爱尔眼科"
"16","16","300016.SZ","北陆药业"
"17","17","300017.SZ","网宿科技"
"18","18","300018.SZ","中元股份"
"19","19","300019.SZ","硅宝科技"
"20","20","300020.SZ","银江股份"
"21","21","300021.SZ","大禹节水"
"22","22","300022.SZ","吉峰科技"
"23","23","300023.SZ","宝德股份"
"24","24","300024.SZ","机 器 人"
"25","25","300025.SZ","华星创业"
"26","26","300026.SZ","红日药业"
"27","27","300027.SZ","华谊兄弟"
"28","28","300028.SZ","金 亚 退"
"29","29","300029.SZ","天龙光电"
"30","30","300030.SZ","阳普医疗"
"31","31","300031.SZ","宝通科技"
"32","32","300032.SZ","金龙机电"
"33","33","300033.SZ","同 花 顺"
"34","34","300034.SZ","钢研高纳"
"35","35","300035.SZ","中科电气"
"36","36","300036.SZ","超图软件"
"37","37","300037.SZ","新 宙 邦"
"38","38","300038.SZ","数知科技"
"39","39","300039.SZ","上海凯宝"
"40","40","300040.SZ","九洲电气"
"41","41","300041.SZ","回天新材"
"42","42","300042.SZ","朗科科技"
"43","43","300043.SZ","星辉娱乐"
"44","44","300044.SZ","赛为智能"
"45","45","300045.SZ","华力创通"
"46","46","300046.SZ","台基股份"
"47","47","300047.SZ","天源迪科"
"48","48","300048.SZ","合康新能"
"49","49","300049.SZ","福瑞股份"
"50","50","300050.SZ","世纪鼎利"
"51","51","300051.SZ","三五互联"
"52","52","300052.SZ","中 青 宝"
"53","53","300053.SZ","欧 比 特"
"54","54","300054.SZ","鼎龙股份"
"55","55","300055.SZ","万 邦 达"
"56","56","300056.SZ","中创环保"
"57","57","300057.SZ","万顺新材"
"58","58","300058.SZ","蓝色光标"
"59","59","300059.SZ","东方财富"
"60","60","300061.SZ","旗天科技"
"61","61","300062.SZ","中能电气"
"62","62","300063.SZ","天龙集团"
"63","63","300064.SZ","豫金刚石"
"64","64","300065.SZ","海 兰 信"
"65","65","300066.SZ","三川智慧"
"66","66","300067.SZ","安 诺 其"
"67","67","300068.SZ","南都电源"
"68","68","300069.SZ","金利华电"
"69","69","300070.SZ","碧 水 源"
"70","70","300071.SZ","华谊嘉信"
"71","71","300072.SZ","三聚环保"
"72","72","300073.SZ","当升科技"
"73","73","300074.SZ","华平股份"
"74","74","300075.SZ","数字政通"
"75","75","300076.SZ","GQY 视讯"
"76","76","300077.SZ","国民技术"
"77","77","300078.SZ","思创医惠"
"78","78","300079.SZ","数码科技"
"79","79","300080.SZ","易成新能"
"80","80","300081.SZ","恒信东方"
"81","81","300082.SZ","奥克股份"
"82","82","300083.SZ","劲胜智能"
"83","83","300084.SZ","海默科技"
"84","84","300085.SZ","银 之 杰"
"85","85","300086.SZ","康芝药业"
"86","86","300087.SZ","荃银高科"
"87","87","300088.SZ","长信科技"
"88","88","300089.SZ","文化长城"
"89","89","300090.SZ","盛运环保"
"90","90","300091.SZ","金 通 灵"
"91","91","300092.SZ","科新机电"
"92","92","300093.SZ","金刚玻璃"
"93","93","300094.SZ","国联水产"
"94","94","300095.SZ","华伍股份"
"95","95","300096.SZ","易 联 众"
"96","96","300097.SZ","智云股份"
"97","97","300098.SZ","高 新 兴"
"98","98","300099.SZ","精准信息"
"99","99","300100.SZ","双林股份"
"100","100","300101.SZ","振芯科技"
"101","101","300102.SZ","乾照光电"
"102","102","300103.SZ","达刚控股"
"103","103","300104.SZ","乐 视 退"
"104","104","300105.SZ","龙源技术"
"105","105","300106.SZ","西部牧业"
"106","106","300107.SZ","建新股份"
"107","107","300108.SZ","吉药控股"
"108","108","300109.SZ","新 开 源"
"109","109","300110.SZ","华仁药业"
"110","110","300111.SZ","向 日 葵"
"111","111","300112.SZ","万讯自控"
"112","112","300113.SZ","顺网科技"
"113","113","300114.SZ","中航电测"
"114","114","300115.SZ","长盈精密"
"115","115","300116.SZ","坚瑞沃能"
"116","116","300117.SZ","嘉寓股份"
"117","117","300118.SZ","东方日升"
"118","118","300119.SZ","瑞普生物"
"119","119","300120.SZ","经纬辉开"
"120","120","300121.SZ","阳谷华泰"
"121","121","300122.SZ","智飞生物"
"122","122","300123.SZ","亚光科技"
"123","123","300124.SZ","汇川技术"
"124","124","300125.SZ","聆达股份"
"125","125","300126.SZ","锐奇股份"
"126","126","300127.SZ","银河磁体"
"127","127","300128.SZ","锦富技术"
"128","128","300129.SZ","泰胜风能"
"129","129","300130.SZ","新 国 都"
"130","130","300131.SZ","英唐智控"
"131","131","300132.SZ","青松股份"
"132","132","300133.SZ","华策影视"
"133","133","300134.SZ","大富科技"
"134","134","300135.SZ","宝利国际"
"135","135","300136.SZ","信维通信"
"136","136","300137.SZ","先河环保"
"137","137","300138.SZ","晨光生物"
"138","138","300139.SZ","晓程科技"
"139","139","300140.SZ","中环装备"
"140","140","300141.SZ","和顺电气"
"141","141","300142.SZ","沃森生物"
"142","142","300143.SZ","盈康生命"
"143","143","300144.SZ","宋城演艺"
"144","144","300145.SZ","中金环境"
"145","145","300146.SZ","汤臣倍健"
"146","146","300147.SZ","香雪制药"
"147","147","300148.SZ","天舟文化"
"148","148","300149.SZ","量子生物"
"149","149","300150.SZ","世纪瑞尔"
"150","150","300151.SZ","昌红科技"
"151","151","300152.SZ","科融环境"
"152","152","300153.SZ","科泰电源"
"153","153","300154.SZ","瑞凌股份"
"154","154","300155.SZ","安 居 宝"
"155","155","300156.SZ","神雾环保"
"156","156","300157.SZ","恒泰艾普"
"157","157","300158.SZ","振东制药"
"158","158","300159.SZ","新研股份"
"159","159","300160.SZ","秀强股份"
"160","160","300161.SZ","华中数控"
"161","161","300162.SZ","雷曼光电"
"162","162","300163.SZ","先锋新材"
"163","163","300164.SZ","通源石油"
"164","164","300165.SZ","天瑞仪器"
"165","165","300166.SZ","东方国信"
"166","166","300167.SZ","迪 威 迅"
"167","167","300168.SZ","万达信息"
"168","168","300169.SZ","天晟新材"
"169","169","300170.SZ","汉得信息"
"170","170","300171.SZ","东 富 龙"
"171","171","300172.SZ","中电环保"
"172","172","300173.SZ","智慧松德"
"173","173","300174.SZ","元力股份"
"174","174","300175.SZ","朗源股份"
"175","175","300176.SZ","派生科技"
"176","176","300177.SZ","中 海 达"
"177","177","300178.SZ","腾邦国际"
"178","178","300179.SZ","四 方 达"
"179","179","300180.SZ","华峰超纤"
"180","180","300181.SZ","佐力药业"
"181","181","300182.SZ","捷成股份"
"182","182","300183.SZ","东软载波"
"183","183","300184.SZ","力源信息"
"184","184","300185.SZ","通裕重工"
"185","185","300187.SZ","永清环保"
"186","186","300188.SZ","美亚柏科"
"187","187","300189.SZ","神农科技"
"188","188","300190.SZ","维 尔 利"
"189","189","300191.SZ","潜能恒信"
"190","190","300192.SZ","科斯伍德"
"191","191","300193.SZ","佳士科技"
"192","192","300194.SZ","福安药业"
"193","193","300195.SZ","长荣股份"
"194","194","300196.SZ","长海股份"
"195","195","300197.SZ","铁汉生态"
"196","196","300198.SZ","纳川股份"
"197","197","300199.SZ","翰宇药业"
"198","198","300200.SZ","高盟新材"
"199","199","300201.SZ","海 伦 哲"
"200","200","300202.SZ","聚龙股份"
"201","201","300203.SZ","聚光科技"
"202","202","300204.SZ","舒 泰 神"
"203","203","300205.SZ","天喻信息"
"204","204","300206.SZ","理邦仪器"
"205","205","300207.SZ","欣 旺 达"
"206","206","300208.SZ","青岛中程"
"207","207","300209.SZ","天泽信息"
"208","208","300210.SZ","森远股份"
"209","209","300211.SZ","亿通科技"
"210","210","300212.SZ","易 华 录"
"211","211","300213.SZ","佳讯飞鸿"
"212","212","300214.SZ","日科化学"
"213","213","300215.SZ","电 科 院"
"214","214","300216.SZ","千山药机"
"215","215","300217.SZ","东方电热"
"216","216","300218.SZ","安利股份"
"217","217","300219.SZ","鸿利智汇"
"218","218","300220.SZ","金运激光"
"219","219","300221.SZ","银禧科技"
"220","220","300222.SZ","科大智能"
"221","221","300223.SZ","北京君正"
"222","222","300224.SZ","正海磁材"
"223","223","300225.SZ","金 力 泰"
"224","224","300226.SZ","上海钢联"
"225","225","300227.SZ","光 韵 达"
"226","226","300228.SZ","富瑞特装"
"227","227","300229.SZ","拓 尔 思"
"228","228","300230.SZ","永利股份"
"229","229","300231.SZ","银信科技"
"230","230","300232.SZ","洲明科技"
"231","231","300233.SZ","金城医药"
"232","232","300234.SZ","开尔新材"
"233","233","300235.SZ","方直科技"
"234","234","300236.SZ","上海新阳"
"235","235","300237.SZ","美晨生态"
"236","236","300238.SZ","冠昊生物"
"237","237","300239.SZ","东宝生物"
"238","238","300240.SZ","飞 力 达"
"239","239","300241.SZ","瑞丰光电"
"240","240","300242.SZ","佳云科技"
"241","241","300243.SZ","瑞丰高材"
"242","242","300244.SZ","迪安诊断"
"243","243","300245.SZ","天玑科技"
"244","244","300246.SZ","宝 莱 特"
"245","245","300247.SZ","融捷健康"
"246","246","300248.SZ","新 开 普"
"247","247","300249.SZ","依 米 康"
"248","248","300250.SZ","初灵信息"
"249","249","300251.SZ","光线传媒"
"250","250","300252.SZ","金 信 诺"
"251","251","300253.SZ","卫宁健康"
"252","252","300254.SZ","仟源医药"
"253","253","300255.SZ","常山药业"
"254","254","300256.SZ","星星科技"
"255","255","300257.SZ","开山股份"
"256","256","300258.SZ","精锻科技"
"257","257","300259.SZ","新天科技"
"258","258","300260.SZ","新莱应材"
"259","259","300261.SZ","雅本化学"
"260","260","300262.SZ","巴安水务"
"261","261","300263.SZ","隆华科技"
"262","262","300264.SZ","佳创视讯"
"263","263","300265.SZ","通光线缆"
"264","264","300266.SZ","兴源环境"
"265","265","300267.SZ","尔康制药"
"266","266","300268.SZ","佳沃股份"
"267","267","300269.SZ","联建光电"
"268","268","300270.SZ","中威电子"
"269","269","300271.SZ","华宇软件"
"270","270","300272.SZ","开能健康"
"271","271","300273.SZ","和佳医疗"
"272","272","300274.SZ","阳光电源"
"273","273","300275.SZ","梅 安 森"
"274","274","300276.SZ","三丰智能"
"275","275","300277.SZ","海 联 讯"
"276","276","300278.SZ","华 昌 达"
"277","277","300279.SZ","和晶科技"
"278","278","300280.SZ","紫天科技"
"279","279","300281.SZ","金明精机"
"280","280","300282.SZ","三盛教育"
"281","281","300283.SZ","温州宏丰"
"282","282","300284.SZ","苏 交 科"
"283","283","300285.SZ","国瓷材料"
"284","284","300286.SZ","安 科 瑞"
"285","285","300287.SZ","飞 利 信"
"286","286","300288.SZ","朗玛信息"
"287","287","300289.SZ","利 德 曼"
"288","288","300290.SZ","荣科科技"
"289","289","300291.SZ","华录百纳"
"290","290","300292.SZ","吴通控股"
"291","291","300293.SZ","蓝英装备"
"292","292","300294.SZ","博雅生物"
"293","293","300295.SZ","三六五网"
"294","294","300296.SZ","利 亚 德"
"295","295","300297.SZ","蓝盾股份"
"296","296","300298.SZ","三诺生物"
"297","297","300299.SZ","富春股份"
"298","298","300300.SZ","汉鼎宇佑"
"299","299","300301.SZ","长方集团"
"300","300","300302.SZ","同有科技"
"301","301","300303.SZ","聚飞光电"
"302","302","300304.SZ","云意电气"
"303","303","300305.SZ","裕兴股份"
"304","304","300306.SZ","远方信息"
"305","305","300307.SZ","慈星股份"
"306","306","300308.SZ","中际旭创"
"307","307","300309.SZ","吉艾科技"
"308","308","300310.SZ","宜通世纪"
"309","309","300311.SZ","任 子 行"
"310","310","300312.SZ","邦讯技术"
"311","311","300313.SZ","天山生物"
"312","312","300314.SZ","戴维医疗"
"313","313","300315.SZ","掌趣科技"
"314","314","300316.SZ","晶盛机电"
"315","315","300317.SZ","珈伟新能"
"316","316","300318.SZ","博晖创新"
"317","317","300319.SZ","麦捷科技"
"318","318","300320.SZ","海达股份"
"319","319","300321.SZ","同大股份"
"320","320","300322.SZ","硕 贝 德"
"321","321","300323.SZ","华灿光电"
"322","322","300324.SZ","旋极信息"
"323","323","300325.SZ","德威新材"
"324","324","300326.SZ","凯 利 泰"
"325","325","300327.SZ","中颖电子"
"326","326","300328.SZ","宜安科技"
"327","327","300329.SZ","海伦钢琴"
"328","328","300330.SZ","华虹计通"
"329","329","300331.SZ","苏大维格"
"330","330","300332.SZ","天壕环境"
"331","331","300333.SZ","兆日科技"
"332","332","300334.SZ","津膜科技"
"333","333","300335.SZ","迪森股份"
"334","334","300336.SZ","新 文 化"
"335","335","300337.SZ","银邦股份"
"336","336","300338.SZ","开元股份"
"337","337","300339.SZ","润和软件"
"338","338","300340.SZ","科恒股份"
"339","339","300341.SZ","麦克奥迪"
"340","340","300342.SZ","天银机电"
"341","341","300343.SZ","联创股份"
"342","342","300344.SZ","太空智造"
"343","343","300345.SZ","红宇新材"
"344","344","300346.SZ","南大光电"
"345","345","300347.SZ","泰格医药"
"346","346","300348.SZ","长亮科技"
"347","347","300349.SZ","金卡智能"
"348","348","300350.SZ","华 鹏 飞"
"349","349","300351.SZ","永贵电器"
"350","350","300352.SZ","北 信 源"
"351","351","300353.SZ","东土科技"
"352","352","300354.SZ","东华测试"
"353","353","300355.SZ","蒙草生态"
"354","354","300356.SZ","光一科技"
"355","355","300357.SZ","我武生物"
"356","356","300358.SZ","楚天科技"
"357","357","300359.SZ","全通教育"
"358","358","300360.SZ","炬华科技"
"359","359","300362.SZ","天翔环境"
"360","360","300363.SZ","博腾股份"
"361","361","300364.SZ","中文在线"
"362","362","300365.SZ","恒华科技"
"363","363","300366.SZ","创意信息"
"364","364","300367.SZ","东方网力"
"365","365","300368.SZ","汇金股份"
"366","366","300369.SZ","绿盟科技"
"367","367","300370.SZ","安控科技"
"368","368","300371.SZ","汇中股份"
"369","369","300373.SZ","扬杰科技"
"370","370","300374.SZ","恒通科技"
"371","371","300375.SZ","鹏翎股份"
"372","372","300376.SZ","易 事 特"
"373","373","300377.SZ","赢 时 胜"
"374","374","300378.SZ","鼎捷软件"
"375","375","300379.SZ","东 方 通"
"376","376","300380.SZ","安硕信息"
"377","377","300381.SZ","溢 多 利"
"378","378","300382.SZ","斯 莱 克"
"379","379","300383.SZ","光环新网"
"380","380","300384.SZ","三联虹普"
"381","381","300385.SZ","雪浪环境"
"382","382","300386.SZ","飞天诚信"
"383","383","300387.SZ","富邦股份"
"384","384","300388.SZ","国祯环保"
"385","385","300389.SZ","艾 比 森"
"386","386","300390.SZ","天华超净"
"387","387","300391.SZ","康跃科技"
"388","388","300392.SZ","腾信股份"
"389","389","300393.SZ","中来股份"
"390","390","300394.SZ","天孚通信"
"391","391","300395.SZ","菲 利 华"
"392","392","300396.SZ","迪瑞医疗"
"393","393","300397.SZ","天和防务"
"394","394","300398.SZ","飞凯材料"
"395","395","300399.SZ","京 天 利"
"396","396","300400.SZ","劲拓股份"
"397","397","300401.SZ","花园生物"
"398","398","300402.SZ","宝色股份"
"399","399","300403.SZ","汉宇集团"
"400","400","300404.SZ","博济医药"
"401","401","300405.SZ","科隆股份"
"402","402","300406.SZ","九强生物"
"403","403","300407.SZ","凯发电气"
"404","404","300408.SZ","三环集团"
"405","405","300409.SZ","道氏技术"
"406","406","300410.SZ","正业科技"
"407","407","300411.SZ","金盾股份"
"408","408","300412.SZ","迦南科技"
"409","409","300413.SZ","芒果超媒"
"410","410","300414.SZ","中光防雷"
"411","411","300415.SZ","伊 之 密"
"412","412","300416.SZ","苏试试验"
"413","413","300417.SZ","南华仪器"
"414","414","300418.SZ","昆仑万维"
"415","415","300419.SZ","浩丰科技"
"416","416","300420.SZ","五洋停车"
"417","417","300421.SZ","力星股份"
"418","418","300422.SZ","博 世 科"
"419","419","300423.SZ","鲁 亿 通"
"420","420","300424.SZ","航新科技"
"421","421","300425.SZ","中建环能"
"422","422","300426.SZ","唐德影视"
"423","423","300427.SZ","红相股份"
"424","424","300428.SZ","四通新材"
"425","425","300429.SZ","强力新材"
"426","426","300430.SZ","诚 益 通"
"427","427","300431.SZ","暴风集团"
"428","428","300432.SZ","富临精工"
"429","429","300433.SZ","蓝思科技"
"430","430","300434.SZ","金石亚药"
"431","431","300435.SZ","中泰股份"
"432","432","300436.SZ","广 生 堂"
"433","433","300437.SZ","清 水 源"
"434","434","300438.SZ","鹏辉能源"
"435","435","300439.SZ","美康生物"
"436","436","300440.SZ","运达科技"
"437","437","300441.SZ","鲍斯股份"
"438","438","300442.SZ","普 丽 盛"
"439","439","300443.SZ","金雷股份"
"440","440","300444.SZ","双杰电气"
"441","441","300445.SZ","康 斯 特"
"442","442","300446.SZ","乐凯新材"
"443","443","300447.SZ","全信股份"
"444","444","300448.SZ","浩云科技"
"445","445","300449.SZ","汉邦高科"
"446","446","300450.SZ","先导智能"
"447","447","300451.SZ","创业慧康"
"448","448","300452.SZ","山河药辅"
"449","449","300453.SZ","三鑫医疗"
"450","450","300454.SZ","深 信 服"
"451","451","300455.SZ","康拓红外"
"452","452","300456.SZ","赛微电子"
"453","453","300457.SZ","赢合科技"
"454","454","300458.SZ","全志科技"
"455","455","300459.SZ","金科文化"
"456","456","300460.SZ","惠伦晶体"
"457","457","300461.SZ","田中精机"
"458","458","300462.SZ","华铭智能"
"459","459","300463.SZ","迈克生物"
"460","460","300464.SZ","星徽精密"
"461","461","300465.SZ","高 伟 达"
"462","462","300466.SZ","赛摩智能"
"463","463","300467.SZ","迅游科技"
"464","464","300468.SZ","四方精创"
"465","465","300469.SZ","信息发展"
"466","466","300470.SZ","中密控股"
"467","467","300471.SZ","厚普股份"
"468","468","300472.SZ","新元科技"
"469","469","300473.SZ","德尔股份"
"470","470","300474.SZ","景 嘉 微"
"471","471","300475.SZ","聚隆科技"
"472","472","300476.SZ","胜宏科技"
"473","473","300477.SZ","合纵科技"
"474","474","300478.SZ","杭州高新"
"475","475","300479.SZ","神思电子"
"476","476","300480.SZ","光力科技"
"477","477","300481.SZ","濮阳惠成"
"478","478","300482.SZ","万孚生物"
"479","479","300483.SZ","沃施股份"
"480","480","300484.SZ","蓝海华腾"
"481","481","300485.SZ","赛升药业"
"482","482","300486.SZ","东杰智能"
"483","483","300487.SZ","蓝晓科技"
"484","484","300488.SZ","恒锋工具"
"485","485","300489.SZ","中飞股份"
"486","486","300490.SZ","华自科技"
"487","487","300491.SZ","通合科技"
"488","488","300492.SZ","华图山鼎"
"489","489","300493.SZ","润欣科技"
"490","490","300494.SZ","盛天网络"
"491","491","300495.SZ","美尚生态"
"492","492","300496.SZ","中科创达"
"493","493","300497.SZ","富祥药业"
"494","494","300498.SZ","温氏股份"
"495","495","300499.SZ","高澜股份"
"496","496","300500.SZ","启迪设计"
"497","497","300501.SZ","海顺新材"
"498","498","300502.SZ","新 易 盛"
"499","499","300503.SZ","昊志机电"
"500","500","300504.SZ","天邑股份"
"501","501","300505.SZ","川 金 诺"
"502","502","300506.SZ","名 家 汇"
"503","503","300507.SZ","苏奥传感"
"504","504","300508.SZ","维宏股份"
"505","505","300509.SZ","新 美 星"
"506","506","300510.SZ","金冠股份"
"507","507","300511.SZ","雪榕生物"
"508","508","300512.SZ","中亚股份"
"509","509","300513.SZ","恒实科技"
"510","510","300514.SZ","友 讯 达"
"511","511","300515.SZ","三德科技"
"512","512","300516.SZ","久 之 洋"
"513","513","300517.SZ","海波重科"
"514","514","300518.SZ","盛 讯 达"
"515","515","300519.SZ","新光药业"
"516","516","300520.SZ","科大国创"
"517","517","300521.SZ","爱 司 凯"
"518","518","300522.SZ","世名科技"
"519","519","300523.SZ","辰安科技"
"520","520","300525.SZ","博思软件"
"521","521","300526.SZ","中潜股份"
"522","522","300527.SZ","中船应急"
"523","523","300528.SZ","幸福蓝海"
"524","524","300529.SZ","健帆生物"
"525","525","300530.SZ","达志科技"
"526","526","300531.SZ","优 博 讯"
"527","527","300532.SZ","今天国际"
"528","528","300533.SZ","冰川网络"
"529","529","300534.SZ","陇神戎发"
"530","530","300535.SZ","达威股份"
"531","531","300536.SZ","农尚环境"
"532","532","300537.SZ","广信材料"
"533","533","300538.SZ","同益股份"
"534","534","300539.SZ","横河模具"
"535","535","300540.SZ","深冷股份"
"536","536","300541.SZ","先进数通"
"537","537","300542.SZ","新晨科技"
"538","538","300543.SZ","朗科智能"
"539","539","300545.SZ","联得装备"
"540","540","300546.SZ","雄帝科技"
"541","541","300547.SZ","川环科技"
"542","542","300548.SZ","博创科技"
"543","543","300549.SZ","优德精密"
"544","544","300550.SZ","和仁科技"
"545","545","300551.SZ","古鳌科技"
"546","546","300552.SZ","万集科技"
"547","547","300553.SZ","集智股份"
"548","548","300554.SZ","三超新材"
"549","549","300555.SZ","路通视信"
"550","550","300556.SZ","丝路视觉"
"551","551","300557.SZ","理工光科"
"552","552","300558.SZ","贝达药业"
"553","553","300559.SZ","佳发教育"
"554","554","300560.SZ","中 富 通"
"555","555","300561.SZ","汇金科技"
"556","556","300562.SZ","乐心医疗"
"557","557","300563.SZ","神宇股份"
"558","558","300564.SZ","筑博设计"
"559","559","300565.SZ","科信技术"
"560","560","300566.SZ","激智科技"
"561","561","300567.SZ","精测电子"
"562","562","300568.SZ","星源材质"
"563","563","300569.SZ","天能重工"
"564","564","300570.SZ","太 辰 光"
"565","565","300571.SZ","平治信息"
"566","566","300572.SZ","安车检测"
"567","567","300573.SZ","兴齐眼药"
"568","568","300575.SZ","中旗股份"
"569","569","300576.SZ","容大感光"
"570","570","300577.SZ","开润股份"
"571","571","300578.SZ","会畅通讯"
"572","572","300579.SZ","数字认证"
"573","573","300580.SZ","贝 斯 特"
"574","574","300581.SZ","晨曦航空"
"575","575","300582.SZ","英 飞 特"
"576","576","300583.SZ","赛托生物"
"577","577","300584.SZ","海辰药业"
"578","578","300585.SZ","奥联电子"
"579","579","300586.SZ","美联新材"
"580","580","300587.SZ","天铁股份"
"581","581","300588.SZ","熙菱信息"
"582","582","300589.SZ","江龙船艇"
"583","583","300590.SZ","移为通信"
"584","584","300591.SZ","万 里 马"
"585","585","300592.SZ","华凯创意"
"586","586","300593.SZ","新 雷 能"
"587","587","300594.SZ","朗进科技"
"588","588","300595.SZ","欧普康视"
"589","589","300596.SZ","利 安 隆"
"590","590","300597.SZ","吉大通信"
"591","591","300598.SZ","诚迈科技"
"592","592","300599.SZ","雄塑科技"
"593","593","300600.SZ","瑞特股份"
"594","594","300601.SZ","康泰生物"
"595","595","300602.SZ","飞 荣 达"
"596","596","300603.SZ","立昂技术"
"597","597","300604.SZ","长川科技"
"598","598","300605.SZ","恒锋信息"
"599","599","300606.SZ","金 太 阳"
"600","600","300607.SZ","拓 斯 达"
"601","601","300608.SZ","思 特 奇"
"602","602","300609.SZ","汇纳科技"
"603","603","300610.SZ","晨化股份"
"604","604","300611.SZ","美力科技"
"605","605","300612.SZ","宣亚国际"
"606","606","300613.SZ","富 瀚 微"
"607","607","300615.SZ","欣天科技"
"608","608","300616.SZ","尚品宅配"
"609","609","300617.SZ","安靠智电"
"610","610","300618.SZ","寒锐钴业"
"611","611","300619.SZ","金 银 河"
"612","612","300620.SZ","光库科技"
"613","613","300621.SZ","维业股份"
"614","614","300622.SZ","博士眼镜"
"615","615","300623.SZ","捷捷微电"
"616","616","300624.SZ","万兴科技"
"617","617","300625.SZ","三雄极光"
"618","618","300626.SZ","华瑞股份"
"619","619","300627.SZ","华测导航"
"620","620","300628.SZ","亿联网络"
"621","621","300629.SZ","新 劲 刚"
"622","622","300630.SZ","普利制药"
"623","623","300631.SZ","久吾高科"
"624","624","300632.SZ","光莆股份"
"625","625","300633.SZ","开立医疗"
"626","626","300634.SZ","彩讯股份"
"627","627","300635.SZ","中 达 安"
"628","628","300636.SZ","同和药业"
"629","629","300637.SZ","扬帆新材"
"630","630","300638.SZ","广 和 通"
"631","631","300639.SZ","凯普生物"
"632","632","300640.SZ","德艺文创"
"633","633","300641.SZ","正丹股份"
"634","634","300642.SZ","透景生命"
"635","635","300643.SZ","万通智控"
"636","636","300644.SZ","南京聚隆"
"637","637","300645.SZ","正元智慧"
"638","638","300647.SZ","超 频 三"
"639","639","300648.SZ","星云股份"
"640","640","300649.SZ","杭州园林"
"641","641","300650.SZ","太龙照明"
"642","642","300651.SZ","金陵体育"
"643","643","300652.SZ","雷 迪 克"
"644","644","300653.SZ","正海生物"
"645","645","300654.SZ","世纪天鸿"
"646","646","300655.SZ","晶瑞股份"
"647","647","300656.SZ","民德电子"
"648","648","300657.SZ","弘信电子"
"649","649","300658.SZ","延江股份"
"650","650","300659.SZ","中孚信息"
"651","651","300660.SZ","江苏雷利"
"652","652","300661.SZ","圣邦股份"
"653","653","300662.SZ","科锐国际"
"654","654","300663.SZ","科蓝软件"
"655","655","300664.SZ","鹏鹞环保"
"656","656","300665.SZ","飞鹿股份"
"657","657","300666.SZ","江丰电子"
"658","658","300667.SZ","必创科技"
"659","659","300668.SZ","杰恩设计"
"660","660","300669.SZ","沪宁股份"
"661","661","300670.SZ","大烨智能"
"662","662","300671.SZ","富满电子"
"663","663","300672.SZ","国 科 微"
"664","664","300673.SZ","佩蒂股份"
"665","665","300674.SZ","宇信科技"
"666","666","300675.SZ","建 科 院"
"667","667","300676.SZ","华大基因"
"668","668","300677.SZ","英科医疗"
"669","669","300678.SZ","中科信息"
"670","670","300679.SZ","电连技术"
"671","671","300680.SZ","隆盛科技"
"672","672","300681.SZ","英 搏 尔"
"673","673","300682.SZ","朗新科技"
"674","674","300683.SZ","海特生物"
"675","675","300684.SZ","中石科技"
"676","676","300685.SZ","艾德生物"
"677","677","300686.SZ","智 动 力"
"678","678","300687.SZ","赛意信息"
"679","679","300688.SZ","创业黑马"
"680","680","300689.SZ","澄天伟业"
"681","681","300690.SZ","双一科技"
"682","682","300691.SZ","联合光电"
"683","683","300692.SZ","中环环保"
"684","684","300693.SZ","盛弘股份"
"685","685","300694.SZ","蠡湖股份"
"686","686","300695.SZ","兆丰股份"
"687","687","300696.SZ","爱 乐 达"
"688","688","300697.SZ","电工合金"
"689","689","300698.SZ","万马科技"
"690","690","300699.SZ","光威复材"
"691","691","300700.SZ","岱勒新材"
"692","692","300701.SZ","森霸传感"
"693","693","300702.SZ","天宇股份"
"694","694","300703.SZ","创源文化"
"695","695","300705.SZ","九典制药"
"696","696","300706.SZ","阿 石 创"
"697","697","300707.SZ","威唐工业"
"698","698","300708.SZ","聚灿光电"
"699","699","300709.SZ","精研科技"
"700","700","300710.SZ","万隆光电"
"701","701","300711.SZ","广哈通信"
"702","702","300712.SZ","永福股份"
"703","703","300713.SZ","英 可 瑞"
"704","704","300715.SZ","凯伦股份"
"705","705","300716.SZ","国立科技"
"706","706","300717.SZ","华信新材"
"707","707","300718.SZ","长盛轴承"
"708","708","300719.SZ","安达维尔"
"709","709","300720.SZ","海川智能"
"710","710","300721.SZ","怡达股份"
"711","711","300722.SZ","新余国科"
"712","712","300723.SZ","一 品 红"
"713","713","300724.SZ","捷佳伟创"
"714","714","300725.SZ","药石科技"
"715","715","300726.SZ","宏达电子"
"716","716","300727.SZ","润禾材料"
"717","717","300729.SZ","乐歌股份"
"718","718","300730.SZ","科创信息"
"719","719","300731.SZ","科创新源"
"720","720","300732.SZ","设 研 院"
"721","721","300733.SZ","西菱动力"
"722","722","300735.SZ","光弘科技"
"723","723","300736.SZ","百邦科技"
"724","724","300737.SZ","科顺股份"
"725","725","300738.SZ","奥飞数据"
"726","726","300739.SZ","明阳电路"
"727","727","300740.SZ","御 家 汇"
"728","728","300741.SZ","华宝股份"
"729","729","300742.SZ","越博动力"
"730","730","300743.SZ","天地数码"
"731","731","300745.SZ","欣锐科技"
"732","732","300746.SZ","汉嘉设计"
"733","733","300747.SZ","锐科激光"
"734","734","300748.SZ","金力永磁"
"735","735","300749.SZ","顶固集创"
"736","736","300750.SZ","宁德时代"
"737","737","300751.SZ","迈为股份"
"738","738","300752.SZ","隆利科技"
"739","739","300753.SZ","爱朋医疗"
"740","740","300755.SZ","华致酒行"
"741","741","300756.SZ","中山金马"
"742","742","300757.SZ","罗博特科"
"743","743","300758.SZ","七彩化学"
"744","744","300759.SZ","康龙化成"
"745","745","300760.SZ","迈瑞医疗"
"746","746","300761.SZ","立华股份"
"747","747","300762.SZ","上海瀚讯"
"748","748","300763.SZ","锦浪科技"
"749","749","300765.SZ","新 诺 威"
"750","750","300766.SZ","每日互动"
"751","751","300767.SZ","震安科技"
"752","752","300768.SZ","迪普科技"
"753","753","300769.SZ","德方纳米"
"754","754","300770.SZ","新媒股份"
"755","755","300771.SZ","智莱科技"
"756","756","300772.SZ","运达股份"
"757","757","300773.SZ","拉 卡 拉"
"758","758","300775.SZ","三角防务"
"759","759","300776.SZ","帝尔激光"
"760","760","300777.SZ","中简科技"
"761","761","300778.SZ","新 城 市"
"762","762","300779.SZ","惠城环保"
"763","763","300780.SZ","德恩精工"
"764","764","300781.SZ","因赛集团"
"765","765","300782.SZ","卓 胜 微"
"766","766","300783.SZ","三只松鼠"
"767","767","300785.SZ","值 得 买"
"768","768","300786.SZ","国林科技"
"769","769","300787.SZ","海能实业"
"770","770","300788.SZ","中信出版"
"771","771","300789.SZ","唐源电气"
"772","772","300790.SZ","宇瞳光学"
"773","773","300791.SZ","仙乐健康"
"774","774","300792.SZ","壹网壹创"
"775","775","300793.SZ","佳禾智能"
"776","776","300795.SZ","米奥会展"
"777","777","300796.SZ","贝 斯 美"
"778","778","300797.SZ","钢研纳克"
"779","779","300798.SZ","锦鸡股份"
"780","780","300799.SZ","左江科技"
"781","781","300800.SZ","力合科技"
"782","782","300801.SZ","泰和科技"
"783","783","300802.SZ","矩子科技"
"784","784","300803.SZ","指 南 针"
"785","785","300805.SZ","电声股份"
"786","786","300806.SZ","斯 迪 克"
"787","787","300807.SZ","天迈科技"
"788","788","300808.SZ","久量股份"
"789","789","300809.SZ","华辰装备"
"790","790","300810.SZ","中科海讯"
"791","791","300811.SZ","铂科新材"
"792","792","300812.SZ","易天股份"
"793","793","300813.SZ","泰林生物"
"794","794","300815.SZ","玉 禾 田"
"795","795","300816.SZ","艾 可 蓝"
"796","796","300817.SZ","双飞股份"
"797","797","300818.SZ","耐普矿机"
"798","798","300819.SZ","聚杰微纤"
"799","799","300820.SZ","英杰电气"
"800","800","300821.SZ","东岳硅材"
"801","801","300822.SZ","贝仕达克"
"802","802","300823.SZ","建科机械"
"803","803","300824.SZ","北鼎股份"
"804","804","300825.SZ","阿 尔 特"
"805","805","300826.SZ","测绘股份"
"806","806","300827.SZ","上能电气"
"807","807","300828.SZ","锐新科技"
"808","808","300829.SZ","金丹科技"
"809","809","300830.SZ","金 现 代"
"810","810","300831.SZ","派瑞股份"
"811","811","300832.SZ","新 产 业"
"812","812","300833.SZ","浩洋股份"
"813","813","300835.SZ","龙磁科技"
"814","814","300836.SZ","佰奥智能"
"815","815","300837.SZ","浙矿股份"
"816","816","300838.SZ","浙江力诺"
"817","817","300839.SZ","博汇股份"
"818","818","300841.SZ","康华生物"
"819","819","300842.SZ","帝科股份"
"820","820","688001.SH","华兴源创"
"821","821","688002.SH","睿创微纳"
"822","822","688003.SH","天准科技"
"823","823","688004.SH","博汇科技"
"824","824","688005.SH","容百科技"
"825","825","688006.SH","杭可科技"
"826","826","688007.SH","光峰科技"
"827","827","688008.SH","澜起科技"
"828","828","688009.SH","中国通号"
"829","829","688010.SH","福光股份"
"830","830","688011.SH","新光光电"
"831","831","688012.SH","中微公司"
"832","832","688015.SH","交控科技"
"833","833","688016.SH","心脉医疗"
"834","834","688018.SH","乐鑫科技"
"835","835","688019.SH","安集科技"
"836","836","688020.SH","方邦股份"
"837","837","688021.SH","奥福环保"
"838","838","688022.SH","瀚川智能"
"839","839","688023.SH","安恒信息"
"840","840","688025.SH","杰 普 特"
"841","841","688026.SH","洁特生物"
"842","842","688028.SH","沃 尔 德"
"843","843","688029.SH","南微医学"
"844","844","688030.SH","山石网科"
"845","845","688033.SH","天宜上佳"
"846","846","688036.SH","传音控股"
"847","847","688037.SH","芯 源 微"
"848","848","688039.SH","当虹科技"
"849","849","688051.SH","佳华科技"
"850","850","688058.SH","宝 兰 德"
"851","851","688066.SH","航天宏图"
"852","852","688068.SH","热景生物"
"853","853","688078.SH","龙软科技"
"854","854","688080.SH","映 翰 通"
"855","855","688081.SH","兴图新科"
"856","856","688085.SH","三友医疗"
"857","857","688086.SH","紫晶存储"
"858","858","688088.SH","虹软科技"
"859","859","688089.SH","嘉 必 优"
"860","860","688090.SH","瑞松科技"
"861","861","688096.SH","京源环保"
"862","862","688098.SH","申联生物"
"863","863","688099.SH","晶晨股份"
"864","864","688100.SH","威胜信息"
"865","865","688101.SH","三 达 膜"
"866","866","688106.SH","金宏气体"
"867","867","688108.SH","赛诺医疗"
"868","868","688111.SH","金山办公"
"869","869","688116.SH","天奈科技"
"870","870","688118.SH","普元信息"
"871","871","688122.SH","西部超导"
"872","872","688123.SH","聚辰股份"
"873","873","688126.SH","沪硅产业"
"874","874","688128.SH","中国电研"
"875","875","688138.SH","清溢光电"
"876","876","688139.SH","海尔生物"
"877","877","688157.SH","松井股份"
"878","878","688158.SH","优 刻 得"
"879","879","688159.SH","有方科技"
"880","880","688166.SH","博瑞医药"
"881","881","688168.SH","安 博 通"
"882","882","688169.SH","石头科技"
"883","883","688177.SH","百 奥 泰"
"884","884","688178.SH","万 德 斯"
"885","885","688181.SH","八亿时空"
"886","886","688186.SH","广大特材"
"887","887","688188.SH","柏楚电子"
"888","888","688189.SH","南新制药"
"889","889","688196.SH","卓越新能"
"890","890","688198.SH","佰仁医疗"
"891","891","688199.SH","久日新材"
"892","892","688200.SH","华峰测控"
"893","893","688202.SH","美 迪 西"
"894","894","688208.SH","道通科技"
"895","895","688218.SH","江苏北人"
"896","896","688222.SH","成都先导"
"897","897","688228.SH","开 普 云"
"898","898","688233.SH","神工股份"
"899","899","688258.SH","卓易信息"
"900","900","688266.SH","泽璟制药"
"901","901","688268.SH","华特气体"
"902","902","688278.SH","特宝生物"
"903","903","688288.SH","鸿泉物联"
"904","904","688298.SH","东方生物"
"905","905","688299.SH","长阳科技"
"906","906","688300.SH","联瑞新材"
"907","907","688310.SH","迈得医疗"
"908","908","688312.SH","燕麦科技"
"909","909","688318.SH","财富趋势"
"910","910","688321.SH","微芯生物"
"911","911","688333.SH","铂 力 特"
"912","912","688357.SH","建龙微纳"
"913","913","688358.SH","祥生医疗"
"914","914","688360.SH","德马科技"
"915","915","688363.SH","华熙生物"
"916","916","688365.SH","光云科技"
"917","917","688366.SH","昊海生科"
"918","918","688368.SH","晶丰明源"
"919","919","688369.SH","致远互联"
"920","920","688388.SH","嘉元科技"
"921","921","688389.SH","普门科技"
"922","922","688396.SH","华 润 微"
"923","923","688398.SH","赛特新材"
"924","924","688399.SH","硕世生物"
"925","925","688466.SH","金科环境"
"926","926","688505.SH","复旦张江"
"927","927","688516.SH","奥 特 维"
"928","928","688518.SH","联赢激光"
"929","929","688520.SH","神州细胞"
"930","930","688555.SH","泽达易盛"
"931","931","688558.SH","国盛智科"
"932","932","688566.SH","吉 贝 尔"
"933","933","688588.SH","凌志软件"
"934","934","688598.SH","金博股份"
"935","935","688599.SH","天合光能"
